object, x, y
Marker2, 3.5417128338692105, 0.18474921961756313
Marker3, -4.1488092105800005, 5.84604158527207
Marker11, 3.676837980506647, -1.2521917715596866
Marker13, -1.49558345364513, -2.576488212498735
Marker17, -0.3327312481015638, 4.635289164134457
Marker19, -3.1559208840269855, 1.1190399911301088
