Object, x, y

Marker2, 3.594076, 0.035022
Marker3, -4.583930, 7.658640
Marker5, 1.374260, 9.588080
Marker7, 5.991560, 7.486140
Marker11, 4.001650, -1.552220
Marker13, -1.346820, -2.386830
Marker17, 0.050865, 4.583310
Marker19, -2.710440, 1.331440
Marker23, 3.379770, 6.462060
Marker29, -5.372030, 1.050860

Coke1, -1.5, 0.2
Coke2, 3.5, 2.4
Coke3, -3.3, 7.0
Coke4, 3.0, -1.5
Coke5, 1.9, 5.5

sheep1, 1.5, 0.5
sheep2, -0.5, 3.4
sheep3, -4.3, 4.0
sheep4, 4.2, 6.0
sheep5, -1.8, -2.0

