Object, x, y
PenguinPi, 0, 0
sheep1, 1.5, 0.5
sheep2, -0.5, 4
Coke1, -1.5, 0.2
Coke2, 2.5, 3
AR_tag1, -1.274707, -0.458379
AR_tag3, -1.075032, 4.12235
AR_tag5, -0.50128, 1.538357
AR_tag7, 2.074430, 4.07726
AR_tag9, 3.11284, 0.882415
AR_tag11, 1.472976, 1.574148
